SampleID	MouseModel	MouseID	Cancer	SmokeExp	AntibioticExp	TumorImp	Treatment	TumorWeight_avg	TumorWeight_sd	Study	d__Bacteria.p__Actinobacteriota.c__Actinobacteria.o__Bifidobacteriales.f__Bifidobacteriaceae.g__Bifidobacterium	d__Bacteria.p__Actinobacteriota.c__Actinobacteria.o__Corynebacteriales.f__Corynebacteriaceae.g__Lawsonella	d__Bacteria.p__Actinobacteriota.c__Actinobacteria.o__Micrococcales.f__Microbacteriaceae.g__Curtobacterium	d__Bacteria.p__Actinobacteriota.c__Actinobacteria.o__Propionibacteriales.f__Propionibacteriaceae.g__Cutibacterium	d__Bacteria.p__Actinobacteriota.c__Coriobacteriia.o__Coriobacteriales.f__Eggerthellaceae.g__Enterorhabdus	d__Bacteria.p__Bacteroidota.c__Bacteroidia.o__Bacteroidales.f__Bacteroidaceae.g__Bacteroides	d__Bacteria.p__Bacteroidota.c__Bacteroidia.o__Bacteroidales.f__Marinifilaceae.g__Odoribacter	d__Bacteria.p__Bacteroidota.c__Bacteroidia.o__Bacteroidales.f__Muribaculaceae.g__Muribaculaceae	d__Bacteria.p__Bacteroidota.c__Bacteroidia.o__Bacteroidales.f__Muribaculaceae.g__Muribaculum	d__Bacteria.p__Bacteroidota.c__Bacteroidia.o__Bacteroidales.f__Prevotellaceae.g__Alloprevotella	d__Bacteria.p__Bacteroidota.c__Bacteroidia.o__Bacteroidales.f__Prevotellaceae.g__Paraprevotella	d__Bacteria.p__Bacteroidota.c__Bacteroidia.o__Bacteroidales.f__Prevotellaceae.g__Prevotella	d__Bacteria.p__Bacteroidota.c__Bacteroidia.o__Bacteroidales.f__Prevotellaceae.g__Prevotellaceae_UCG.001	d__Bacteria.p__Bacteroidota.c__Bacteroidia.o__Bacteroidales.f__Rikenellaceae.g__Alistipes	d__Bacteria.p__Bacteroidota.c__Bacteroidia.o__Bacteroidales.f__Rikenellaceae.g__Rikenella	d__Bacteria.p__Bacteroidota.c__Bacteroidia.o__Bacteroidales.f__Rikenellaceae.g__Rikenellaceae_RC9_gut_group	d__Bacteria.p__Bacteroidota.c__Bacteroidia.o__Bacteroidales.f__Tannerellaceae.g__Parabacteroides	d__Bacteria.p__Campilobacterota.c__Campylobacteria.o__Campylobacterales.f__Helicobacteraceae.g__Helicobacter	d__Bacteria.p__Deferribacterota.c__Deferribacteres.o__Deferribacterales.f__Deferribacteraceae.g__Mucispirillum	d__Bacteria.p__Desulfobacterota.c__Desulfovibrionia.o__Desulfovibrionales.f__Desulfovibrionaceae.g__Desulfovibrio	d__Bacteria.p__Firmicutes.c__Bacilli.o__Acholeplasmatales.f__Acholeplasmataceae.g__Anaeroplasma	d__Bacteria.p__Firmicutes.c__Bacilli.o__Erysipelotrichales.f__Erysipelatoclostridiaceae.__	d__Bacteria.p__Firmicutes.c__Bacilli.o__Erysipelotrichales.f__Erysipelatoclostridiaceae.g__Erysipelatoclostridium	d__Bacteria.p__Firmicutes.c__Bacilli.o__Erysipelotrichales.f__Erysipelotrichaceae.g__Dubosiella	d__Bacteria.p__Firmicutes.c__Bacilli.o__Erysipelotrichales.f__Erysipelotrichaceae.g__Erysipelothrix	d__Bacteria.p__Firmicutes.c__Bacilli.o__Erysipelotrichales.f__Erysipelotrichaceae.g__Faecalibaculum	d__Bacteria.p__Firmicutes.c__Bacilli.o__Erysipelotrichales.f__Erysipelotrichaceae.g__Turicibacter	d__Bacteria.p__Firmicutes.c__Bacilli.o__Lactobacillales.f__Lactobacillaceae.g__Lactobacillus	d__Bacteria.p__Firmicutes.c__Bacilli.o__Lactobacillales.f__Streptococcaceae.g__Streptococcus	d__Bacteria.p__Firmicutes.c__Bacilli.o__Mycoplasmatales.f__Mycoplasmataceae.g__Ureaplasma	d__Bacteria.p__Firmicutes.c__Bacilli.o__RF39.f__RF39.g__RF39	d__Bacteria.p__Firmicutes.c__Clostridia.o__Clostridia_UCG.014.f__Clostridia_UCG.014.g__Clostridia_UCG.014	d__Bacteria.p__Firmicutes.c__Clostridia.o__Clostridia_vadinBB60_group.f__Clostridia_vadinBB60_group.g__Clostridia_vadinBB60_group	d__Bacteria.p__Firmicutes.c__Clostridia.o__Clostridiales.f__Clostridiaceae.g__Candidatus_Arthromitus	d__Bacteria.p__Firmicutes.c__Clostridia.o__Lachnospirales.f__Defluviitaleaceae.g__Defluviitaleaceae_UCG.011	d__Bacteria.p__Firmicutes.c__Clostridia.o__Lachnospirales.f__Lachnospiraceae.__	d__Bacteria.p__Firmicutes.c__Clostridia.o__Lachnospirales.f__Lachnospiraceae.g__A2	d__Bacteria.p__Firmicutes.c__Clostridia.o__Lachnospirales.f__Lachnospiraceae.g__ASF356	d__Bacteria.p__Firmicutes.c__Clostridia.o__Lachnospirales.f__Lachnospiraceae.g__Acetatifactor	d__Bacteria.p__Firmicutes.c__Clostridia.o__Lachnospirales.f__Lachnospiraceae.g__Blautia	d__Bacteria.p__Firmicutes.c__Clostridia.o__Lachnospirales.f__Lachnospiraceae.g__GCA.900066575	d__Bacteria.p__Firmicutes.c__Clostridia.o__Lachnospirales.f__Lachnospiraceae.g__Lachnoclostridium	d__Bacteria.p__Firmicutes.c__Clostridia.o__Lachnospirales.f__Lachnospiraceae.g__Lachnospiraceae_NK4A136_group	d__Bacteria.p__Firmicutes.c__Clostridia.o__Lachnospirales.f__Lachnospiraceae.g__Lachnospiraceae_UCG.001	d__Bacteria.p__Firmicutes.c__Clostridia.o__Lachnospirales.f__Lachnospiraceae.g__Lachnospiraceae_UCG.006	d__Bacteria.p__Firmicutes.c__Clostridia.o__Lachnospirales.f__Lachnospiraceae.g__Marvinbryantia	d__Bacteria.p__Firmicutes.c__Clostridia.o__Lachnospirales.f__Lachnospiraceae.g__Roseburia	d__Bacteria.p__Firmicutes.c__Clostridia.o__Lachnospirales.f__Lachnospiraceae.g__Tuzzerella	d__Bacteria.p__Firmicutes.c__Clostridia.o__Lachnospirales.f__Lachnospiraceae.g__.Eubacterium._ventriosum_group	d__Bacteria.p__Firmicutes.c__Clostridia.o__Lachnospirales.f__Lachnospiraceae.g__.Eubacterium._xylanophilum_group	d__Bacteria.p__Firmicutes.c__Clostridia.o__Monoglobales.f__Monoglobaceae.g__Monoglobus	d__Bacteria.p__Firmicutes.c__Clostridia.o__Oscillospirales.f__Butyricicoccaceae.g__Butyricicoccus	d__Bacteria.p__Firmicutes.c__Clostridia.o__Oscillospirales.f__Butyricicoccaceae.g__UCG.009	d__Bacteria.p__Firmicutes.c__Clostridia.o__Oscillospirales.f__Oscillospiraceae.__	d__Bacteria.p__Firmicutes.c__Clostridia.o__Oscillospirales.f__Oscillospiraceae.g__Colidextribacter	d__Bacteria.p__Firmicutes.c__Clostridia.o__Oscillospirales.f__Oscillospiraceae.g__Oscillibacter	d__Bacteria.p__Firmicutes.c__Clostridia.o__Oscillospirales.f__Oscillospiraceae.g__UCG.005	d__Bacteria.p__Firmicutes.c__Clostridia.o__Oscillospirales.f__Ruminococcaceae.g__Anaerotruncus	d__Bacteria.p__Firmicutes.c__Clostridia.o__Oscillospirales.f__Ruminococcaceae.g__Incertae_Sedis	d__Bacteria.p__Firmicutes.c__Clostridia.o__Oscillospirales.f__Ruminococcaceae.g__Ruminococcaceae	d__Bacteria.p__Firmicutes.c__Clostridia.o__Oscillospirales.f__Ruminococcaceae.g__Ruminococcus	d__Bacteria.p__Firmicutes.c__Clostridia.o__Oscillospirales.f__UCG.010.g__UCG.010	d__Bacteria.p__Firmicutes.c__Clostridia.o__Oscillospirales.f__.Eubacterium._coprostanoligenes_group.g__.Eubacterium._coprostanoligenes_group	d__Bacteria.p__Firmicutes.c__Clostridia.o__Peptostreptococcales.Tissierellales.f__Anaerovoracaceae.g__Family_XIII_UCG.001	d__Bacteria.p__Firmicutes.c__Clostridia.o__Peptostreptococcales.Tissierellales.f__Anaerovoracaceae.g__.Eubacterium._brachy_group	d__Bacteria.p__Firmicutes.c__Clostridia.o__Peptostreptococcales.Tissierellales.f__Anaerovoracaceae.g__.Eubacterium._nodatum_group	d__Bacteria.p__Firmicutes.c__Clostridia.o__Peptostreptococcales.Tissierellales.f__Peptostreptococcaceae.g__Romboutsia	d__Bacteria.p__Patescibacteria.c__Saccharimonadia.o__Saccharimonadales.f__Saccharimonadaceae.g__Candidatus_Saccharimonas	d__Bacteria.p__Proteobacteria.c__Gammaproteobacteria.o__Burkholderiales.f__Sutterellaceae.g__Parasutterella	d__Bacteria.p__Proteobacteria.c__Gammaproteobacteria.o__Pasteurellales.f__Pasteurellaceae.g__Rodentibacter	d__Bacteria.p__Proteobacteria.c__Gammaproteobacteria.o__Pseudomonadales.f__Pseudomonadaceae.g__Pseudomonas	d__Bacteria.p__Verrucomicrobiota.c__Chlamydiae.o__Chlamydiales.f__Chlamydiaceae.g__Chlamydia	d__Bacteria.p__Verrucomicrobiota.c__Verrucomicrobiae.o__Verrucomicrobiales.f__Akkermansiaceae.g__Akkermansia	Other
P731ABX1-S148	WT	Pan-ABX1	Pancreatic	No	Cocktail	Post	Antibiotic only	289.01	27.94	Abx-Pancreatic	0.00282866379310345	0	0	0	0	0.000740840517241379	0	0.000673491379310345	0	0	0	0	0	0	0	0	0	0.00141433189655172	0	0	0	0	0	0	0	0.00121228448275862	0	0.00282866379310345	0	0	0	0	0	0	0	0	0	0	0	0	0	0	0.00228987068965517	0	0	0	0	0	0	0	0	0	0	0	0	0	0	0	0	0	0	0	0	0	0	0	0	0	0	0	0.839372306034483	0	0.00101023706896552	0.147629310344828
P731ABX2-S149	WT	Pan-ABX2	Pancreatic	No	Cocktail	Post	Antibiotic only	289.01	27.94	Abx-Pancreatic	0.000739523418241578	0	0	0	0	0.00057518488085456	0	0	0	0	0	0	0	0.00028759244042728	0	0	0	0.000451930977814297	0	0	0	0	0	0	0	0.00291700903861956	0	0.00398520953163517	0	0.000493015612161052	0	0	0	0	0	0	0	0	0	0	0	0	0	0	0	0	0	0	0	0	0	0	0	0	0	0	0	0	0	0	0	0	0	0	0	0	0	0	0	0	0.941372226787182	0.000616269515201315	0	0.0485620377978636
P731ABX3-S150	WT	Pan-ABX3	Pancreatic	No	Cocktail	Post	Antibiotic only	289.01	27.94	Abx-Pancreatic	0.00184380350322666	0	0	0	0	0	0	0.00138285262741999	0	0	0	0	0	0.0024364546292638	0	0	0	0.000987751876728566	0	0	0	0	0	0	0	0.00355590675622284	0.00256815487949427	0.0119847227709733	0	0	0	0	0	0	0	0	0	0	0	0	0	0	0.0010536020018438	0	0	0	0	0	0	0	0.000790201501382853	0	0	0	0	0	0	0	0	0	0	0	0.000395100750691426	0	0	0	0	0	0	0	0.886671934676676	0	0.0010536020018438	0.0852759120242328
P731ABX4-S151	WT	Pan-ABX4	Pancreatic	No	Cocktail	Post	Antibiotic only	289.01	27.94	Abx-Pancreatic	0.000281148962091748	0	0	0	0	0.000281148962091748	0	0.000749730565577995	0	0	0	0	0	0.000609156084532121	0	0	0	0	0	0	0	0	0	0	0	0	0	0.000421723443137622	0	0	0	0	0	0	0	0	0	0	0	0.000140574481045874	0	0	0.00206175905533949	0	0	0	0	0	0	0	0	0	0	0	0	0	0	0	0	0	0	0	0	0	0	0	0	0	0	0	0.833794105243428	0	0	0.161660653202755
P731ABX5-S152	WT	Pan-ABX5	Pancreatic	No	Cocktail	Post	Antibiotic only	289.01	27.94	Abx-Pancreatic	0.000785377695273454	0	0.000785377695273454	0	0	0	0	0.000678280736827074	0	0	0	0	0	0.000142795944595173	0	0	0	0	0	0	0	0	0	0	0	0.0032129087533914	0	0.00464086819934314	0	0.000999571612166215	0	0	0	0	0	0	0	0	0	0	0	0	0.00114236755676139	0	0	0	0	0	0	0	0	0	0	0	0	0	0	0	0	0	0	0	0	0	0	0	0	7.13979722975867e-05	0	0	0.906575753248608	0.000249892903041554	0	0.0807154076824218
P731ABX6-S153	WT	Pan-ABX6	Pancreatic	No	Cocktail	Post	Antibiotic only	289.01	27.94	Abx-Pancreatic	0.00149884909801402	0	0	0	0	0.00128472779829774	0	0.0111878379101761	0	0	0	0.000107060649858145	0	0.00465713826882929	0.000535303249290723	0	0	0.0409506985707403	0.0144531877308495	0	0	0	0	0	0	0.00358653177024785	0.000428242599432579	0.00733365451528291	0	0.00594186606712703	0	0	0.00117766714843959	0	0	0	0.000374712274503506	0.00278357689631176	0	0.00112413682351052	0	0	0.0125260960334029	0	0	0	0.00149884909801402	0	0	0.000588833574219795	0	0.000267651624645362	0	0.00117766714843959	0	0	0	0.000749424549007012	0	0	0	0	0	0	0	0	0	0	0	0	0.752689898827686	0.000481772924361651	0.0019270916974466	0.130667523151866
P731ABX8-S155	WT	Pan-ABX8	Pancreatic	No	Cocktail	Post	Antibiotic only	289.01	27.94	Abx-Pancreatic	0.0348880251712012	0	0	0	0	0.0819914862113641	0	0.242180270220248	0	0	0	0	0	0.0519156024430872	0	0	0	0	0	0.00277623542476402	0	0	0	0	0	0.0397001665741255	0.0301684249491024	0.0931889690912456	0	0	0.0124930594114381	0.00296131778641495	0.0048121414029243	0	0	0	0.00444197667962243	0.00314640014806589	0	0.00129557653155654	0.0045345178604479	0	0.0854155099019063	0.000647788265778271	0.000370164723301869	0	0.00980936516749954	0	0	0.0100869887099759	0.00185082361650935	0	0	0.00943920044419767	0.00407181195632056	0.00222098833981122	0	0.00148065889320748	0.00342402369054229	0.00268369424393855	0	0.000462705904127337	0.00268369424393855	0	0	0.00240607070146215	0	0.00471960022209883	0	0	0.110309087543957	0	0.113455487692023	0.023968165833796
P731CT1-S131	WT	Pan-CT1	Pancreatic	No	None	Post	Control	450.22	110.04	Abx-Pancreatic	0.0613349551467234	0	0	0	0.0024327200851452	0.0528204348487152	0.0117986924129542	0.0377071613197506	0.00018245400638589	0.000516953018093356	0.000152045005321575	0.0455526835943439	0.000395317013836095	0.109381176828341	0.013896913486392	0.0103390603618671	0.00410521514368253	0.173118443059146	0.0034362171202676	0.000212863007450205	0	0.0010034970351224	0	0.00459175916071157	0	0.000851452029800821	0	0.240504789417668	0.000821043028736506	0.017181085601338	0.00036490801277178	0.00215903907556637	0.0169986315949521	0.00395317013836095	0	0.00194617606811616	0.0062642542192489	0.00729816025543561	0	0.0010034970351224	0	0.00149004105215144	0.0344533982058689	0.00443971415539	0.000638589022350616	0	0.0195225786832903	0	0	0.00745020526075718	0.00030409001064315	0	0	0.00127717804470123	0.00103390603618671	0.0010034970351224	0.000273681009578835	0.0040443971415539	0.00142922305002281	0.00012163600425726	0	0	0	0.000395317013836095	0	0	0.000608180021286301	0.00881861030865136	0.00389235213623232	0	0.00018245400638589	0.00936597232780903	0	0.0669302113425574
P731CT2-S132	WT	Pan-CT2	Pancreatic	No	None	Post	Control	450.22	110.04	Abx-Pancreatic	0.0201158940397351	0	0	0	0.00137969094922737	0.0291666666666667	0.0136037527593819	0.0299668874172185	0.00176600441501104	0.0108167770419426	0.000165562913907285	0.0637693156732892	0.000827814569536424	0.0748620309050773	0.00805739514348786	0.00551876379690949	0.00433222958057395	0.208195364238411	0.110899558498896	0.00231788079470199	0	0	0	0.000165562913907285	8.27814569536424e-05	0	0	0.0420805739514349	0.000165562913907285	0.00176600441501104	0.00358719646799117	0.00193156732891832	0.00985099337748344	0.00151766004415011	0	0.00391832229580574	0.00496688741721854	0.0150938189845475	0.000137969094922737	0.00102097130242826	0	0.00278697571743929	0.0676600441501104	0.0593818984547461	0	0	0.0303807947019868	0.000938189845474614	0	0.00764348785871965	0	0	0.0016832229580574	0.00300772626931567	0.00262141280353201	0.00336644591611479	0	0.0113962472406181	0.00471854304635762	0	0	0	0	0.000965783664459161	0.000524282560706402	0	0	0.00568432671081678	0.000248344370860927	0	0	0.000386313465783664	0	0.124558498896247
P731CT3-S133	WT	Pan-CT3	Pancreatic	No	None	Post	Control	450.22	110.04	Abx-Pancreatic	0.0178005211440053	0	0	0	0.00307663328414906	0.141493736853672	0.0235142686717107	0.0950616896367689	0.00163249929363011	0.0172354252346718	0.00150692242488934	0.0826923680658023	0.00238596050607478	0.0493517094151257	0.0138134555614856	0.0107996107117069	0.030829121275861	0.0995196684770665	0.0360091671114181	0.0045835557090384	0	0.00260572002637114	0.00141273977333375	0.000973220732741029	0	0.00122437447022258	0	0.0744984773804665	0	0.000219759520296361	0	0	0	0.010485668539855	0	0.00166389351081531	0.00062788434370389	0.0106740338429661	0	0.000188365303111167	0	0.00373591184503814	0.0697579505855021	0	0.00166389351081531	0.00062788434370389	0.0351615232474178	0.00156971085925972	0	0.0110507644491885	0	0.000879038081185446	0.00178947037955609	0.00838225598844693	0.00656139139170565	0.00919850563526198	0	0.00354754654192698	0.00951244780711393	0	0.00175807616237089	0.000973220732741029	0	0.00103600916711142	0.00134995133896336	0.00119298025303739	0	0.00150692242488934	0.00351615232474178	0	0	0.00301384484977867	0	0.0863340972592848
P731CT4-S134	WT	Pan-CT4	Pancreatic	No	None	Post	Control	450.22	110.04	Abx-Pancreatic	0.0151006711409396	0	0	0	0.00221716203259827	0.150347555129434	0.017707334611697	0.0629793863854266	0.00299616490891659	0.00979745925215724	0.000808964525407478	0.0480285234899329	0.00116850431447747	0.0548897411313519	0.0172579098753595	0.00829937679769895	0.042635426653883	0.14078978906999	0.0193851869606903	0.00308604985618408	0	0.000149808245445829	0	0.000179769894534995	0	0.00035953978906999	0	0.0584252157238734	0	0.00149808245445829	0	0	0.0011385426653883	0.00269654841802493	0	0	0.0282238734419942	0.0153104026845638	0	0.00167785234899329	0	0.00545302013422819	0.0282538350910834	0.0838027325023969	0.000299616490891659	0	0.00473394055608821	0.00137823585810163	0	0	0	0.00233700862895494	0	0.00862895493767977	0.00512344199424736	0.00578259827420901	0	0.00716083413231064	0.00928811121764142	0.000299616490891659	0	0.000209731543624161	0	0.0011385426653883	0.000269654841802493	0	0	0.00116850431447747	0.00380512943432407	0	0	0.00587248322147651	0	0.117839165867689
P731CT5-S135	WT	Pan-CT5	Pancreatic	No	None	Post	Control	450.22	110.04	Abx-Pancreatic	0.00833285607926236	0	0	0	0.00048679915239677	0.0293224901208407	0.0190138021877327	0.0568982303419048	0.00483935627970907	0.00274898344882882	0	0.0262585189851669	0.00163220892274211	0.0620525743084588	0.0117404501460397	0.00183265563255255	0.0052975201878472	0.283002119008075	0.109873432220377	0.00458163908138136	0	0	0	0	0	0	0	0.050942099536109	0	0.000286352442586335	0	0	0.0142889868850581	0.00369394650936372	0	0.00143176221293168	0.00569841360746807	0.0238817937117004	0	0.00263444247179428	0	0.00466754481415727	0.0869079663249527	0	0.000229081954069068	0	0.0177824866846114	0.000773151594983105	0	0.00721608155317565	0	0.00266307771605292	0.00114540977034534	0.00532615543210584	0.00300670064715652	0.00340759406677739	0.00105950403756944	0.00681518813355478	0.00861920852184869	0	0.000200446709810435	0	0	0.000200446709810435	0.000314987686844969	0	0.00174674989977665	0.00111677452608671	0.000687245862207205	0	0	0.000400893419620869	0	0.114941870454155
P731CT6-S136	WT	Pan-CT6	Pancreatic	No	None	Post	Control	450.22	110.04	Abx-Pancreatic	0.0435620553807783	0	0	0	0.00328770229288893	0.140917722415894	0.0174304906045404	0.0713658135646062	0.00226738089164754	0.0200663208910807	0.00223903863050194	0.0786497746790239	0.00317433324830655	0.0660658107303801	0.0129807556046821	0.00872941643284301	0.0297593742028739	0.125782954964147	0.0259331689482187	0.00124705949040614	0	0	0	0.000566845222911884	0	0.000595187484057478	0	0.0168636453816285	0.000283422611455942	0.000850267834367826	0	0.000850267834367826	0.00150213984071649	0.00955134200606524	0	0	0.00164385114644446	0.0191593685344217	0	0.0024374344585211	0	0.0029192528979962	0.0462829124507553	0.0705438879913839	0.00053850296176629	0	0.012498937165207	0.000793583312076637	0	0	0	0.000283422611455942	0.00104866366238699	0.0121304877703143	0.00385454751580081	0.0144262109231074	0	0.0100615027066859	0.0130657823881189	0	0.00087861009551342	0.000595187484057478	0	0.000396791656038319	0	0.000226738089164754	0	0.0114502735028201	0.00189893149675481	0.000170053566873565	0	0.000311764872601536	0	0.087861009551342
P731CT7-S137	WT	Pan-CT7	Pancreatic	No	None	Post	Control	450.22	110.04	Abx-Pancreatic	0.0257281821699	0	0	0	0.00315038965345714	0.135107500138175	0.0171336981152932	0.0483059746863428	0.00113303487536616	0.0109434587962195	0.000773779914884209	0.0528933841817277	0.00207262477201128	0.056430663792627	0.0080141491184436	0.0119106836898248	0.0261150721273421	0.116094622229592	0.0132924335378323	0.00204498977505112	0	0	0.00163046482064887	0	0.00105012988448571	0.000331619963521804	0.000110539987840601	0.0610733432819322	0.000331619963521804	0.00185154479633007	0	0.0038965345713812	0.00270822970209473	0.0323053114464157	0	0.00151992483280827	0.00594152434643232	0.0301221466865639	0	0.00240424473553308	0	0.00287403968385563	0.0635881280053059	0.0814956060354833	0.000525064942242856	0.000248714972641353	0.0177969380423368	0	0	0.00116066987232631	0	0.000718509920963909	0.00082904990880451	0.0086221190515669	0.00467031448626541	0.0041728845409827	0.00102249488752556	0.00842867407284585	0.013596418504394	0.000967224893605262	0	0.000138174984800752	0	0.00080141491184436	0.000607969933123307	0.000276349969601503	0	0.00301221466865639	0.000414524954402255	0	0	0.00759962416404134	0	0.100011053998784
P731SA1-S156	WT	Pan-SA1	Pancreatic	Yes	Cocktail	Post	Smoke+Antibiotic	302.79	34.09	Abx-Pancreatic	0.0223656294200849	0	0	0	0.000972418670438472	0.0700583451202263	0	0.220385431400283	0	0	0	0	0	0.0689533239038189	0	0	0	0	0	0.0076025459688826	0	0	0	0	0.000265205091937765	0.00680693069306931	0.0103429985855728	0.0684671145685997	0	0	0.0359352899575672	0.0132602545968883	0.0158681046676096	0	0	0	0.00826555869872701	0.00212164073550212	0.00123762376237624	0.00123762376237624	0.00393387553041018	0.00132602545968883	0.122568953323904	0.00468528995756718	0.000618811881188119	0	0.00822135785007072	0	0	0.00446428571428571	0.00181223479490806	0	0.00110502121640736	0.021791018387553	0.00428748231966054	0.00601131541725601	0	0.000795615275813296	0.00711633663366337	0.000442008486562942	0	0.00137022630834512	0	0.000486209335219236	0	0.000265205091937765	0	0.00446428571428571	0.000707213578500707	0	0.113419377652051	0	0.0818157708628006	0.0541460396039604
P731SA2-S157	WT	Pan-SA2	Pancreatic	Yes	Cocktail	Post	Smoke+Antibiotic	302.79	34.09	Abx-Pancreatic	0.0374917696270189	0	0	0	0.00228513885123359	0.0851311050001936	0	0.243851427243503	0	0	0	0	0	0.0596072659669236	0	0	0	0	0	0.0059258685464193	0	0	0	0	0	0.0565475037762888	0.024826678027809	0.0784306131143731	0.000193655834850304	0	0.015298810953174	0.00852085673341338	0.00418296603276657	0.0010844726751617	0.000271118168790426	0	0.00410550369882645	0.00325341802548511	0	0.00255625702002401	0.00340834269336535	0.00619698671520973	0.0622022541539177	0	0.00182036484759286	0	0.00914055540493435	0	0	0.00507378287307797	0.00232387001820365	0	0.000542236337580851	0.0114256942561679	0.00244006351911383	0.000813354506371277	0	0.000309849335760486	0.00348580502730547	0.000426042836670669	0.000658429838491034	0.00189782718153298	0.00503505170610791	0	0.000232387001820365	0.00170417134668268	0	0.0142918006119524	0.00278864402184438	0	0.142337038614973	0	0.0328827607575816	0.0549982570974863
P731SA3-S158	WT	Pan-SA3	Pancreatic	Yes	Cocktail	Post	Smoke+Antibiotic	302.79	34.09	Abx-Pancreatic	0.0280464216634429	0	0	0	0	0.0808510638297872	0	0.177272727272727	0	0	0	0	0	0.0821083172147002	0	0	0	0	0	0.00222437137330754	0	0	0	0	0	0.00996131528046422	0.0170212765957447	0.103384912959381	0	0	0.0395551257253385	0.00483558994197292	0.0100580270793037	0	0	0	0.0220502901353965	0.00735009671179884	0	0.00319148936170213	0.00822050290135396	0	0.122823984526112	0	0	0	0.002321083172147	0	0	0.0074468085106383	0	0	0.00125725338491296	0.0149903288201161	0.00657640232108317	0	0	0	0.00764023210831721	0.00406189555125725	0	0.000870406189555126	0	0	0	0	0	0.00909090909090909	0	0	0.14458413926499	0	0.0297872340425532	0.0524177949709865
P731SA5-S160	WT	Pan-SA5	Pancreatic	Yes	Cocktail	Post	Smoke+Antibiotic	302.79	34.09	Abx-Pancreatic	0.000902889245585875	0	0	0	0	0	0	0.00100321027287319	0	0	0	0	0	0.000702247191011236	0	0	0	0.000601926163723917	0	0	0	0	0	0	0	0	0	0.00210674157303371	0	0	0	0	0	0	0	0	0	0	0	0	0	0	0	0	0	0	0	0	0	0	0	0	0	0	0	0	0	0	0	0	0	0	0	0	0	0	0	0	0	0	0.847010433386838	0	0	0.147672552166934
P731SA6-S161	WT	Pan-SA6	Pancreatic	Yes	Cocktail	Post	Smoke+Antibiotic	302.79	34.09	Abx-Pancreatic	0.0045954373871656	0	0.0005744296733957	0	0	0	0	0.000205153454784179	0	0	0	0	0	0.000164122763827343	0	0	0	0	0	0	0	0	0	0	0	0.000902675201050386	0	0.00127195141966191	0	0	0	0	0	0	0	0	0	0	0	0	0	0	0.00160019694731659	0	0	0	0	0	0	0	0	0	0	0	0	0	0	0	0	0	0	0	0	0	0	0	0	0	0	0	0.79537994419826	0	0	0.195306088954538
P731SA7-S162	WT	Pan-SA7	Pancreatic	Yes	Cocktail	Post	Smoke+Antibiotic	302.79	34.09	Abx-Pancreatic	0.000398066533977822	0	0	0	0	0.00022746659084447	0	0.000739266420244527	0	0	0	0	0	0.000398066533977822	0	0	0	0.000170599943133352	0	0	0	0	0	0	0	0.00125106624964458	0.00102359965880011	0.00324139891953369	0	0	0	0	0	0	0	0	0	0	0	0	0	0	0	0	0	0	0	0	0	0	0	0	0	0	0	0	0	0	0	0	0	0	0	0	0	0	0	0	0	0	0.758430480523173	0	0.00022746659084447	0.233892522035826
P731SA8-S163	WT	Pan-SA8	Pancreatic	Yes	Cocktail	Post	Smoke+Antibiotic	302.79	34.09	Abx-Pancreatic	0.00192551748282351	0	0	0	0.000437617609732616	0.00652050238501597	0.00201304100477003	0.0183361778477966	0	0	0	8.75235219465231e-05	0	0.0192989365892084	0.000131285282919785	0	0	0.000743949936545447	0	0	0	0	0	0	0	0.00192551748282351	0.00140037635114437	0.00498884075095182	0	0	0	0	0.0011378057853048	0	0	0	0	0	0	0	0.000218808804866308	0	0.0125596253993261	0	0	0	0	0	0.000350094087786093	0	0	0	0	0.000656426414598923	0.000437617609732616	0.000481379370705877	0	0	0	0	0.000525141131679139	0	0	0	0	0	0	0	0.000393855848759354	0	0.742549560194302	0	0.00083147345849197	0.182048925648768
P731SM1-S138	WT	Pan-SM1	Pancreatic	Yes	None	Post	Smoke only	620.21	88.26	Abx-Pancreatic	0.0465295935345852	0	0	0	0.00317922510102211	0.081144521036368	0	0.236451152840504	0	0	0	5.94247682434038e-05	0	0.0563941050629903	0	0	0	0	0	0.0190159258378892	0	0	0	0	0.000207986688851913	0.0534228666508201	0.0512538626099358	0.144402186831471	0	0	0.00826004278583314	0.00912170192536249	0.0200261468980271	0	0.000297123841217019	0.00121820774898978	0.00540765391014975	0.0062396006655574	0	0.00101022106013787	0.00249584026622296	0.0014856192060851	0.0464404563822201	0	0.00169360589493701	0.000891371523651058	0.0201747088186356	0	0	0.000475398145947231	0.00279296410743998	0	0.00109935821250297	0.0151830282861897	0.00561564059900166	0.00252555265034466	0.000683384834799144	0.000386260993582125	0.00677442357974804	0	0.000326836225338721	0.000891371523651058	0	0.000653672450677442	0.000475398145947231	0.000802234371285952	0	0.0178868552412646	0.0016044687425719	0	0.000118849536486808	0	0.0748454956025671	0.050035654860946
P731SM10-S147	WT	Pan-SM10	Pancreatic	Yes	None	Post	Smoke only	620.21	88.26	Abx-Pancreatic	0.0260372402070617	0	0	0	0.00146797496716372	0.116897164490458	0	0.218341960905509	0	0	0	0	0	0.11658811712895	0	0	0	0	0	0.00865332612222823	0	0	0	0	0	0.0042880321409256	0.0101599320095805	0.0766437456540215	0	0	0.0206289113806691	0.0124005253805146	0.0119369543382523	0	0	0.0049061268639419	0.00115892760565557	0.00892374256354786	0.000656725643204821	0.00401761569960596	0.0147956424322027	0.00212470061036854	0.117051688171212	0	0.000579463802827783	0.000772618403770378	0.0116665378969327	0	0	0.00830564784053156	0.00146797496716372	0	0.000386309201885189	0.0303639032681758	0.00560148342733524	0.00560148342733524	0	0.00119755852584409	0.0105076102912771	0.00104303484509001	0	0	0.00351541373715522	0.000463571042262227	0.00034767828169667	0.000502201962450746	0	0.022560457390095	0.00100440392490149	0	0.00127482036622112	0	0.0483272811558371	0.0668314919261377
P731SM2-S139	WT	Pan-SM2	Pancreatic	Yes	None	Post	Smoke only	620.21	88.26	Abx-Pancreatic	0.039527099209458	0	0	0	0.0009614699807706	0.0770244284595114	0	0.232818175343636	0	0	0	0	0	0.080300548393989	0	0	0	0	0	0.021544049569119	0	0	0	0	0	0.0190157396196852	0.012285449754291	0.0863186382736272	0	0	0.0247845595043088	0.0144932697101346	0.0294138594117228	0	0	0.0003917099921658	0.0227547895449042	0.0103625097927498	0.0007478099850438	0.0008190299836194	0.0038458799230824	0.0022078199558436	0.118901787621964	0	0.0010326899793462	0.0004629299907414	0.0090449398191012	0	0	0.0107186097856278	0.0006765899864682	0	0.0008546399829072	0.0212235595755288	0.0068371198632576	0.0028131899437362	0.0005697599886048	0.0012819599743608	0.009258599814828	0.0022790399544192	0.0007478099850438	0.0009614699807706	0	0.0006765899864682	0.0004273199914536	0	0	0.013887899722242	0.0010326899793462	0	7.12199985756e-05	0	0.0609999287800014	0.0556228188875436
P731SM3-S140	WT	Pan-SM3	Pancreatic	Yes	None	Post	Smoke only	620.21	88.26	Abx-Pancreatic	0.040433899020824	0	0	0	0.000527857689566893	0.108501148090475	0	0.265090131700494	0	0	0	0	0	0.0811317268864314	0	0	0	0	0	0.00337828921322811	0	0	0	0	0	0.0122726912824303	0.01546623030431	0.0954366702736942	0.00039589326717517	0	0.0346274644355882	0.0204280925862388	0.0107419039826863	0	0.00039589326717517	0.000818179418828684	0.0150439441526564	0.00435482593892687	0.000923750956742062	0.00137242999287392	0.00475071920610204	0.000475071920610203	0.0913457731795508	0	0.000844572303307028	0.00134603710839558	0.00686214996436961	0	0	0.00760115072976326	0.000475071920610203	0	0.000263928844783446	0.0107682968671646	0.00245453825648605	0.00126685845496054	0.00034310749821848	0.00134603710839558	0.00424925440101349	0.000131964422391723	0	0.000870965187785373	0	0	0.000184750191348412	0.00131964422391723	0	0.0104515822534245	0.00292961017709625	0	0.000211143075826757	0	0.0955686346960859	0.0425981155480482
P731SM4-S141	WT	Pan-SM4	Pancreatic	Yes	None	Post	Smoke only	620.21	88.26	Abx-Pancreatic	0.0318300409988818	0	0	0	0.00175177040626165	0.0799850913156914	0	0.271859858367499	0	0	0	0	0	0.0803950801341782	0	0	0	0	0	0.00834886321282147	0	0	0	0	0	0.0248229593738353	0.0236302646291465	0.0722325754752143	0	0	0.0247856876630637	0.0255683935892657	0.0142750652254939	0.000559075661572866	0	0.000559075661572866	0.0271710771524413	0.00387625792023854	0	0.00342899739098025	0.00108087961237421	0.00257174804323518	0.0886693999254566	0	0	0	0.0124860231084607	0	0	0.00737979873276183	0	0	0.000484532240029817	0.0134550875885203	0.00313082370480805	0.00279537830786433	0.000559075661572866	0.000745434215430488	0.00316809541557958	0	0.00331718225866567	0.00156541185240403	0	0	0.000298173686172195	0	0	0.00614983227730153	0.00122996645546031	0	0.00145359672008945	0	0.114834140887067	0.0395452851285874
P731SM5-S142	WT	Pan-SM5	Pancreatic	Yes	None	Post	Smoke only	620.21	88.26	Abx-Pancreatic	0.0350119398791965	0	0	0	0.00245821042281219	0.103596010675657	0	0.19929063070656	0	0	0	0	0	0.10535187526338	0	0	0	0	0	0.0181556398370558	0.00010535187526338	0	0	0	0	0.00221238938053097	0.00312543896614693	0.00877932293861497	0	0	0.0244767523528585	0.00751510043545442	0.0318865009130496	0	7.02345835089198e-05	0	0.0232476471414525	0.00635622980755724	0	0.00221238938053097	0.00618064334878494	0.00547829751369574	0.162838881865431	0.00108863604438826	0.000737463126843658	0.000561876668071358	0.00291473521562017	0	0	0.0110619469026549	0.00014046916701784	0	0.00129933979491502	0.0303764573676078	0.00695322376738306	0.00688298918387414	0	0.0014046916701784	0.0159432504565248	0	0.000386290209299059	0.000421407501053519	0	0.000702345835089198	0	0.000526759376316898	0	0.0183312262958281	0.000456524792807979	0	0	0	0.0672144964180362	0.0842463829189493
P731SM6-S143	WT	Pan-SM6	Pancreatic	Yes	None	Post	Smoke only	620.21	88.26	Abx-Pancreatic	0.0433351852643275	0	0	0	0.00132484294200607	0.0788067866148126	0	0.243087311423565	0	0	0	0	0	0.061156459677764	0	0	0	0	0	0.00551305611350912	0	0	0	0	0	0.0450019231591094	0.0380785503654002	0.101200906021625	0	0	0.0176503269370486	0.00282063336040002	0.00713705713919398	0	0.00021368434548485	0	0.00350442326595154	0.00247873840762426	0	0.000641053036454549	0.00572674045899397	0.0004273686909697	0.0890636351980854	0	0	0.000726526774648489	0.0124791657763152	0	0	0.009957690499594	0.00209410658575153	0	0	0.0132911662891577	0.00307705457498184	0.00363263387324245	0.00047010556006667	0.000598316167357579	0.00764989956835762	0.00307705457498184	0	0.000683789905551519	0.0034189495277576	0	0	0.00226505406213941	0	0.00987221676140006	0.00252147527672123	0	0.00166673789478183	0	0.139108508910637	0.0362408649942305
P731SM7-S144	WT	Pan-SM7	Pancreatic	Yes	None	Post	Smoke only	620.21	88.26	Abx-Pancreatic	0.026834854544833	0	0	0	0.000957166786312515	0.0739411342426418	0	0.227258742693057	0	0	0	0	0	0.0786585991180392	0	0	0	0	0	0.010836495402181	0	0	0	0	0.000376029808908488	0.0087170546610604	0.0145284244351007	0.075923836871432	0	0	0.0402010050251256	0.015588144805661	0.0189724130858374	0	0	0	0.00851194749256486	0.00256383960619424	0.000546952449321437	0.00222199432536834	0.0043756195945715	0.00177759546029467	0.142583666632482	0.00557207807746214	0.00109390489864287	0.000683690561651796	0.0136738112330359	0	0	0.00628995316719653	0.00174341093221208	0	0.00153830376371654	0.0238266160735651	0.00512767921238847	0.00779407240283048	0	0.000615321505486617	0.00967422144737292	0.000581136977404027	0	0.00136738112330359	0	0.000307660752743308	0.000581136977404027	0.000376029808908488	0	0.00748641165008717	0.000854613202064746	0	0.00112808942672546	0	0.0955457559908385	0.0587632037739719
P731SM8-S145	WT	Pan-SM8	Pancreatic	Yes	None	Post	Smoke only	620.21	88.26	Abx-Pancreatic	0.0465132793637267	0	0	0	0.00184632864649908	0.0735690952989632	0	0.228376651043886	0	0	0	0	0	0.072006817213464	0	0	0	0	0	0.00788240306774606	0	0	0	0	0	0.0681721346399659	0.0396250532594802	0.118591109217441	0	0	0.0138474648487431	0.0101548075557449	0.00447379633574776	0.000852151682999574	0	0	0.00731430194574634	0.00468683425649766	0	0.00170430336599915	0.00632012498224684	0.00958670643374521	0.0952989632154524	0	0.00291151825024854	0.00134924016474933	0.0112199971594944	0	0	0.00745632722624627	0.00213037920749893	0	0.000852151682999574	0.0206646783127397	0.00177531600624911	0.00163329072574918	0	0.000355063201249822	0.00511291009799744	0	0.000994176963499503	0.00255645504899872	0.00717227666524641	0	0	0.00191734128674904	0	0.0174691095014913	0.00390569521374805	0	0.00333759409174833	0	0.0388439142167306	0.0575202386024712
P731SM9-S146	WT	Pan-SM9	Pancreatic	Yes	None	Post	Smoke only	620.21	88.26	Abx-Pancreatic	0.0327392635628484	0	0	0	0.000392557117060532	0.08553819580749	0	0.261639318520845	0	0	0	0	0	0.0929967810316401	0	0	0	0	0	0.00349375834183874	0	0	0	0	0	0.0112663892596373	0.0160948417994818	0.0898170683834498	0	0	0.0356441862290963	0.0100887179084557	0.0180183716730784	0	0.000196278558530266	0	0.0239459841406925	0.00628091387296852	0.0012561827745937	0.00325822407160242	0.00949988223286488	0.00255162126089346	0.13138886708016	0	0	0.00145246133312397	0.00675198241344116	0	0	0.00804742089974091	0.000274789981942373	0	0.00113841563947554	0.0126010834576431	0.00396482688231138	0.00298343408966005	0	0.00153097275653608	0.00961764936798304	0.00239459841406925	0.000667347099002905	0.00121692706288765	0	0.000392557117060532	0	0.00102064850435738	0	0.0131899191332339	0.000902881369239224	0	0.00137394990971186	0	0.0408259401742954	0.0535447907670566
S731ABX1-S90	WT	Pan-ABX1	Pancreatic	No	Cocktail	Pre	Antibiotic only	NA	NA	Abx-Pancreatic	0	0.00186423949994517	0	0.00257703695580656	0	0	0	0.000328983441166795	0	0	0	0	0	0.000274152867638995	0	0	0	0.000877289176444786	0.000274152867638995	0	0	0	0	0	0	0	0	0.00131593376466718	0	0	0	0	0	0	0	0	0.000438644588222393	0	0	0	0	0	0.000986950323500384	0	0	0	0	0	0	0	0	0	0	0	0	0	0	0	0	0	0	0	0	0	0	0	0	0	0	0	0.812040793946705	0	0	0.179021822568264
S731ABX2-S91	WT	Pan-ABX2	Pancreatic	No	Cocktail	Pre	Antibiotic only	NA	NA	Abx-Pancreatic	0	0.00154263275991025	0.00168287210172027	0.00102842183994016	0	0.00037397157816006	0	0.00093492894540015	0	0.000140239341810022	0	0.00130890052356021	0	0	0	0	0	0.00037397157816006	0	0	0	0	0	0	0	0	0	0.00210359012715034	0	0	0	0	0	0	0	0	0	0	0	0	0	0	0	0	0	0	0	0	0	0	0	0	0	0	0	0	0	0	0	0	0	0	0	0	0	0	0	0	0	0.000981675392670157	0.826243455497382	0	0	0.163285340314136
S731ABX3-S92	WT	Pan-ABX3	Pancreatic	No	Cocktail	Pre	Antibiotic only	NA	NA	Abx-Pancreatic	0.00107694592988711	0.00089126559714795	0.000445632798573975	0.00100267379679144	0	0.000222816399286988	0	0.000259952465834819	0	0	0	0.000779857397504456	0	0.000631313131313131	0	0	0	0.0467171717171717	0.00839275103980986	0	0	0	0	0	0	0	0	0.00371360665478313	0	0	0	0	0	0	0	0	0	0	0	0	0	0	0.00103980986333928	0	0	0	0.000668449197860963	0	0	0	0	0	0	0	0	0	0	0	0	0	0	0	0	0	0	0	0	0	0	0.00445632798573975	0.788138740344623	0.00029708853238265	0	0.14126559714795
S731ABX4-S93	WT	Pan-ABX4	Pancreatic	No	Cocktail	Pre	Antibiotic only	NA	NA	Abx-Pancreatic	0.00760374602629092	0.00257754102586133	0	0.00425294269267119	0	0	0	0.000902139359051465	0	0	0	0	0	0	0	0	0	0	0	0	0	0	0	0	0	0	0	0.000472549188074577	0	0	0	0	0	0	0	0	0	0	0	0	0	0	0	0	0	0	0	0	0	0	0	0	0	0	0	0	0	0	0	0	0	0	0	0	0	0	0	0	0	0.00313600824813128	0.765014176475642	0	0	0.216040896984277
S731CT1-S34	WT	Pan-CT1	Pancreatic	No	None	Pre	Control	NA	NA	Abx-Pancreatic	0.0316838151233056	0	0	0	0.00159235668789809	0.0696553976808754	0.0265392781316348	0.0680630409929773	0.000979911807937286	0.0213539114813	0.000326637269312429	0.081536828352115	0.00216397190919484	0.0649191572758452	0.0181691981055038	0.0155560999510044	0.0211497631879797	0.153927813163482	0.062510207414666	0.00498121835701454	0	0.000285807610648375	0	0.000612444879960804	0.00102074146660134	0.00138820839457782	0	0.0388290053895149	0	0.000775763514617018	8.16593173281071e-05	0	0.00453209211170995	0.00159235668789809	0	0.00461375142903805	0.0230279274865262	0.0118406010125755	0	0.000408296586640536	0	0	0.09296913277805	0.00743099787685775	0.000694104197288911	0.000530785562632696	0.0133921280418096	0.000939082149273232	0	0.00910501388208395	0	0.00163318634656214	0.00277641678915564	0.0063285970929283	0.00375632859709293	0.00306222439980402	0.000816593173281071	0.00930916217540421	0.00767597582884207	0	0	0	0	0.000530785562632696	0.000530785562632696	0	0.00118406010125755	0.00265392781316348	0.00310305405846807	0	0.0016740160052262	0.000816593173281071	0	0.0949697860525886
S731CT2-S35	WT	Pan-CT2	Pancreatic	No	None	Pre	Control	NA	NA	Abx-Pancreatic	0.0509791731426795	0	0	0	0.00946675332749315	0.0785316641704581	0.0104840760731342	0.126854494588408	0.00666911577698025	0.0394777743239043	0.00152598411846158	0.0320739254528499	0.0134512674145873	0.0910786447000311	0.0108514426201712	0.00551049820555571	0.0166445304772939	0.103992991776641	0.066549862944019	0.00308022720207986	0	0.00118687653658123	0	0	0	0.0103710402125074	0	0.181139966654421	0	0.00367366547037048	0	0.00124339446689462	0.00291067341113968	0.00257156582925933	0	0	0	0.00994715573515698	0	0	0.000508661372820527	0.00293893237629638	0.0260547658744737	0	0.000536920337977223	0	0.000593438268290615	0.000989063780484359	0	0.000678215163760703	0.000197812756096872	0.000339107581880352	0	0.00426710373866109	0.00254330686410264	0.0014129482578348	0.000197812756096872	0.00113035860626784	0.00486054200695171	0	0	0	0	0.000367366547037047	0.000932545850170967	0	0	0.000876027919857575	0.0199508294006274	0	0.00113035860626784	0.00274111962019951	0	0.0464859976827649
S731CT3-S36	WT	Pan-CT3	Pancreatic	No	None	Pre	Control	NA	NA	Abx-Pancreatic	0.0292002405291642	0	0	0	0.00182802164762477	0.0502946482260974	0	0.176524353577871	0.0106794948887553	0.097294046903187	0	0	0.0401443174984967	0.113625977149729	0	0	0	0	0	0	0.00269392663860493	0	0	0	0	0.0112327119663259	0.000721587492483464	0.0788695129284426	0.000625375826819002	0	0.0899338544798557	0.0220084185207456	0.0195309681298857	0	0.00105832832230908	0.0013950691521347	0.00117859290438966	0.00401683704149128	0.000481058328322309	0.000769693325315695	0.00303066746843055	0.0117859290438966	0.0895009019843656	0.0010823812387252	0.00596512327119663	0.000216476247745039	0.00240529164161155	0	0.0026458208057727	0.015826819001804	0	0	0.000553217077570655	0.03374624173181	0.00485868911605532	0.00274203247143716	0.000577269993986771	0.000962116656644618	0.00714371617558629	0	0.00615754660252556	0.000817799158147925	0.0015634395670475	0.000962116656644618	0.00026458208057727	0.000384846662657847	0	0	0.00579675285628382	0	0.00149128081779916	0	0.000168370414912808	0.0452435357787132
S731CT4-S37	WT	Pan-CT4	Pancreatic	No	None	Pre	Control	NA	NA	Abx-Pancreatic	0.0534570208222104	0	0	0	0.00577282434596903	0.0493192738921516	0.0142151628403631	0.052989855846236	0.000900961025093433	0.00146823278163374	0.000233582487987186	0.0486518953550454	0.000500533902829685	0.0670715429791778	0.0167178323545115	0.00430459156433529	0.00597303790710091	0.153663908168713	0.0355045381740523	0.00490523224773091	0	0	0	0.00293646556326749	0.00470501868659904	0.00443806727175654	0.000200213561131874	0.152062199679658	0.000700747463961559	0.00674052322477309	0.000100106780565937	0.000800854244527496	0.00226908702616124	0.0232581420181527	0	0.00580619327282435	0.00553924185798185	0.0193873465029365	0	0.00176855312333155	0	0.00146823278163374	0.0835891617725574	0.0054057661505606	0.000333689268553123	0	0.00924319273892152	0	0	0.00774159103043246	0.000100106780565937	0.000600640683395622	0	0.00170181526962093	0.00106780565936999	0.00123465029364656	0	0.00437132941804592	0.00500533902829685	0	0	0	0	0.00213561131873999	0.000900961025093433	0	0.00306994127068873	0.00734116390816871	0.00133475707421249	0	0	0.00213561131873999	0	0.114855846235985
S731CT5-S38	WT	Pan-CT5	Pancreatic	No	None	Pre	Control	NA	NA	Abx-Pancreatic	0.0823875419478903	0	0	0	0.0028656536329701	0.0525621205836884	0	0.225142340032427	0.0155348591682063	0.099279815994872	0	0	0.0332189585611402	0.0420044493043249	0	0	0	0	0	0	0	0	0.00188529844274349	0	0	0.0827268956675842	0.0102560235285246	0.158101127408469	0	0	0.0090871384940236	0.00825760717921647	0.0297500094264922	0	0.000490177595113306	0.00316730138380906	0.00422306851174541	0.000150823875419479	0.000452471626258437	0.000641001470532785	0	0.00437389238716489	0.0349157271596094	0.00965272802684665	0.00154594472304966	0.00135741487877531	0	0	0.00369518494777723	0.0021115342558727	0.00388371479205158	0	0	0.00629689679876324	0.00139512084763018	0.00214924022472757	0.000452471626258437	0.00218694619358244	0.00218694619358244	0	0.0109724369367671	0.00460012820029411	0.000641001470532785	0.000226235813129218	0.000226235813129218	0.000678707439387655	0	0	0.0319369556200747	0	0	0	0	0.0123298518155424
S731CT6-S39	WT	Pan-CT6	Pancreatic	No	None	Pre	Control	NA	NA	Abx-Pancreatic	0.0384074554026855	0	0	0	0.00121315724172158	0.0823844054150928	0	0.179161267197883	0.0122694311946842	0.121288152416664	0	0	0.0438942347459263	0.0761807604290165	0	0	0	0	0	0	0	0	0.000496291598886101	0	0	0.0291709173123053	0.00430119385701288	0.098183021312967	0.00104772670875955	0	0.009843116711241	0.0127932945490639	0.0169014861176211	0	0.000827152664810168	0.000220574043949378	0.00989826022222835	0.00926410984587389	0.000634150376354462	0.0017921641070887	0.00449419614546858	0.00692051062891174	0.0728170062587885	0.0035843282141774	0.00755466100526621	0	0.00170944884060768	0	0.00667236482946869	0.0103945518211145	0	0	0.00035843282141774	0.0457415423640023	0.00355675645868372	0.0042736221015192	0.000909867931291185	0.000386004576911412	0.00529377705478508	0	0.0150266067440514	0.0014888747966583	0.00264688852739254	0.000441148087898757	0	0.000523863354379773	0	0	0.0120764289062285	0	0	0	0	0.0429567950591414
S731CT7-S40	WT	Pan-CT7	Pancreatic	No	None	Pre	Control	NA	NA	Abx-Pancreatic	0.0243975903614458	0	0	0	0.00238225629791895	0.0506024096385542	0	0.19381161007667	0.0123767798466594	0.0473713033953998	0	0	0.0501916757940854	0.0893756845564074	0	0	0	0.000355969331872946	0	0	0.00627053669222344	0	0.000301204819277108	0	0	0.0115553121577218	0.000684556407447974	0.148822562979189	0.000246440306681271	0	0.0208378970427163	0.0345016429353779	0.00539430449069003	0	0.000684556407447974	0.00640744797371303	0.00120481927710843	0.0102409638554217	0.000766703176341731	0.00169769989047097	0.00391566265060241	0.00533953997809419	0.079381161007667	0.0265060240963855	0.00221796276013143	0	0.00799561883899233	0	0.00232749178532311	0.00470974808324206	0	0	0.00052026286966046	0.0349945235487404	0.00336801752464403	0.0078039430449069	0.001013143483023	0.00109529025191676	0.00594194961664841	0.0011500547645126	0.0014512595837897	0.00131434830230011	0.00353231106243154	0.000657174151150055	0.000492880613362541	0.0011500547645126	0	0	0.0139101861993428	0	0	0	0	0.0687294633077766
S731CT8-S41	WT	Pan-CT8	Pancreatic	No	None	Pre	Control	NA	NA	Abx-Pancreatic	0.0762589928057554	0	0	0	0.00164028776978417	0.0501870503597122	0	0.253381294964029	0.0163165467625899	0.0771798561151079	0	0	0.030273381294964	0.0694964028776978	0	0	0	0.000345323741007194	0	0	0.000201438848920863	0	0.00060431654676259	0	0	0.0632805755395683	0.0143309352517986	0.16705035971223	0.000575539568345324	0	0.00857553956834532	0.00371223021582734	0.014273381294964	0	0.00060431654676259	0.000201438848920863	0	0.000892086330935252	0	0.000431654676258993	0.00218705035971223	0.00365467625899281	0.0260719424460432	0.0192805755395683	0.00938129496402878	0.000690647482014389	0.0123453237410072	0	0.00443165467625899	0.00575539568345324	0	0	0.000115107913669065	0.00529496402877698	0.00097841726618705	0.00109352517985612	0.000230215827338129	0.00126618705035971	0.00166906474820144	0	0.00601438848920863	0.000402877697841727	0.00250359712230216	0.000172661870503597	0	0.000258992805755396	0	0	0.0118561151079137	0	0	0	0	0.0345323741007194
S731CT9-S42	WT	Pan-CT9	Pancreatic	No	None	Pre	Control	NA	NA	Abx-Pancreatic	0.0333412466038881	0	0	0	0.00358734931813985	0.064018358787687	0.0250586900899475	0.0715623433831869	0.00105510274062937	0.0115006198728601	0.000606684075861887	0.102608741526206	0.00147714383688112	0.0879955685684894	0.00770225000659439	0.0331829811927936	0.0126348553190367	0.115032576297117	0.0188072063517185	0.00118699058320804	0	0.00116061301469231	0	0.00179367465906993	0	0.0019255625016486	0	0.145340402521696	0.000764949486956292	0.0134525599430245	0.00168816438500699	0.00145076626836538	0.0353459418110839	0.0114742423043444	0	0.00429954366806468	0.00699005565666957	0.00857270976761362	0.000290153253673076	0.00121336815172377	0	0.000817704623987761	0.0561314658014824	0.00216296061829021	0.000527551370314684	0.000949592466566432	0.00981245548785313	0	0	0.00749122945846852	0.000105510274062937	0.00232122602938461	0	0.0010814803091451	0.00171454195352272	0.00068581678140909	0.00068581678140909	0.00503811558650524	0.00345546147556118	0.0020046952071958	0	0	0	0.000369285959220279	0.000342908390704545	0	0.00387750257181293	0.0128458758671626	0.00216296061829021	0	0	0.00477433990134789	7.91327055472027e-05	0.0534409538128775
S731SA1-S52	WT	Pan-SA1	Pancreatic	Yes	Cocktail	Pre	Smoke+Antibiotic	NA	NA	Abx-Pancreatic	0	0.000870785157950752	0.00416041797687582	0.000483769532194862	0	0.00101591601760921	0	0.00208020898843791	0	0	0	0	0	0.000483769532194862	0	0	0	0	0	0	0	0	0	0	0	0	0	0.000677277345072807	0	0	0	0	0	0	0	0	0.000532146485414349	0	0	0	0	0	0	0	0	0	0	0	0	0	0	0	0	0	0	0	0	0	0	0	0	0	0	0	0	0	0	0	0	0	0.747375550287843	0	0	0.242320158676407
S731SA2-S53	WT	Pan-SA2	Pancreatic	Yes	Cocktail	Pre	Smoke+Antibiotic	NA	NA	Abx-Pancreatic	0.00046582042622569	0.000659912270486394	0.00205737354916346	0.000543457163929972	0	0.000621093901634253	0	0	0	0	0	0	0	0	0	0.000116455106556422	0	0.000271728581964986	0	0	0.000116455106556422	0	0	0	0	0	0	0.00388183688521408	0	0	0	0	0	0	0	0	0.000892822483599239	0	0	0	0	0	0.000854004114747098	0	0	0	0	0	0	0	0	0	0	0	0	0	0	0	0	0	0	0	0	0	0	0	0	0	0	0	0.747564147354528	0	0	0.241954893055394
S731SA3-S54	WT	Pan-SA3	Pancreatic	Yes	Cocktail	Pre	Smoke+Antibiotic	NA	NA	Abx-Pancreatic	0.000687789444724655	0.00100875785226283	0.00146728414874593	0.000962905222614517	0	0.00536475766885231	0	0.0109587784859462	0	0	0	0	0	0.00284286303819524	0	0	0	0	0	0	0	0	0	0	0	0	0	0.00660277866935669	0	0	0	0	9.17052592966207e-05	0	0	0	0.000366821037186483	0	0	0	0	0	0.000779494704021276	0	0	0	0	0	0	0	0	0	0	0	0	0	0	0	0	0	0	0	0.000229263148241552	0	0	0	0	0	0	0	0.731762116557385	0	0.000687789444724655	0.236186895318446
S731SA4-S55	WT	Pan-SA4	Pancreatic	Yes	Cocktail	Pre	Smoke+Antibiotic	NA	NA	Abx-Pancreatic	0	0.000660676532769556	0	0.000528541226215645	0	0.000462473572938689	0	0	0	0	0	0	0	0.000396405919661734	0	0	0	0	0	0	0	0	0	0	0	0	0	0.00218023255813953	0	0	0	0	0	0	0	0	0	0	0	0	0	0	0	0	0	0	0	0	0	0	0	0	0	0	0	0	0	0	0	0	0	0	0	0	0	0	0	0	0	0.000528541226215645	0.781712473572939	0	0	0.213530655391121
S731SA5-S56	WT	Pan-SA5	Pancreatic	Yes	Cocktail	Pre	Smoke+Antibiotic	NA	NA	Abx-Pancreatic	0	0	0.00194115243154884	0.000510829587249694	0	0	0	0	0	0	0	0	0	0.000561912545974663	0	0	0	0	0	0	0	0	0	0	0	0	0	0.00311606048222313	0	0	0	0	0	0	0	0	0	0	0	0	0	0	0	0	0	0	0	0	0	0	0	0	0	0	0	0	0	0	0	0	0	0	0	0	0	0	0	0	0	0	0.767725786677564	0	0	0.226144258275439
S731SA6-S57	WT	Pan-SA6	Pancreatic	Yes	Cocktail	Pre	Smoke+Antibiotic	NA	NA	Abx-Pancreatic	0.00109123976962716	0.00163685965444074	0	0.00206123067596241	0	0.000303122158229767	0	0.000666868748105487	0	0	0	0	0	0	0	0	0	0.0045468323734465	0.000242497726583813	0	0	0	0	0	0	0	0	0.00163685965444074	0	0	0	0	0	0	0	0	0	0	0	0	0	0	0	0	0	0	0	0	0	0	0	0	0	0	0	0	0	0	0	0	0	0	0	0	0	0	0	0	0	0.00448620794180055	0.703000909366475	0	0	0.280327371930888
S731SM1-S43	WT	Pan-SM1	Pancreatic	Yes	None	Pre	Smoke only	NA	NA	Abx-Pancreatic	0.0410015342930826	0	0	0	0.00156693761629615	0.121698821532334	0	0.162667711291744	0	0	0	0	0	0.100643097313355	0	0	0	0.000163222668364182	0	0	0	0	0	0	0	0.0197499428720661	0.0113276531844743	0.124440962360853	0	0	0.0784121698821532	0.0322854438024353	0.0130904580028074	0	9.79336010185095e-05	0	0.00310123069891947	0.00156693761629615	0.0024156954917899	0.00130578134691346	0.00372147683870336	0.00225247282342572	0.0760291189240362	0.0344399830248425	0.000522312538765384	0.000848757875493749	0.022165638363856	0	0.00561485979172787	0.00391734404074038	0.00117520321222211	0	0	0.0127640126660791	0.00310123069891947	0.00225247282342572	0	0.000391734404074038	0.00505990271928965	0.000946691476512258	0	0.000587601606111057	0	0.000293800803055528	0	0.00055495707243822	0	0	0.00594130512845624	0	0	0	0.0568341331244083	0.0450494564685143
S731SM2-S44	WT	Pan-SM2	Pancreatic	Yes	None	Pre	Smoke only	NA	NA	Abx-Pancreatic	0.0355185882485177	0	0	0	0.00109590580830078	0.158231938629275	0	0.177592941242589	0	0	0	0.000140500744653947	0	0.0845814482816759	0	0	0	0.000281001489307893	0	0	0	0	0.00101160536150842	0	0	0.0273133447607272	0.0112119594233849	0.0987720234917245	0	0	0.0868575603450698	0.0289993536965746	0.00671593559445865	0	0	0.00196701042515525	0.0274538455053812	0.00244471295697867	0.00042150223396184	0.00179840953157052	0.00325961727597156	0.00320341697810998	0.0800573243038188	0.00106780565936999	0.000983505212577627	0.00148930789333183	0.00916064855143732	0.000337201787169472	0.00488942591395734	0.011998763593447	0.000814904318992891	0	0.00042150223396184	0.0127293674656476	0.00379352010565656	0.00345631831848709	0	0.000646303425408155	0.00755894006238233	0.00177030938263973	0	0.000786804170062101	0.00533902829684997	0.000252901340377104	0.000646303425408155	0.000927304914716048	0	0	0.0168881895074044	0	0	0	0.0404080141624751	0.0347036839295248
S731SM3-S45	WT	Pan-SM3	Pancreatic	Yes	None	Pre	Smoke only	NA	NA	Abx-Pancreatic	0.0394190158980874	0	0	0	0.0018885417024345	0.131167805514542	0	0.189884283899324	0	0	0	0	0	0.103423411049686	0	0	0	0	0	0	0	0	0.000549393949799128	0	0	0.0189884283899324	0.0251004360814477	0.1418123132919	0	0	0.0115372729457817	0.0223878034543145	0.0112969130927446	0	0.0003777083404869	0.000652405315386464	0.0248257391065481	0.00394876901418123	0.000549393949799128	0.00305600384575765	0.00394876901418123	0.00257528413968341	0.0817910242763452	0	0.0011331250214607	0.000892765168423583	0.00439515159839302	0	0.00594032208220307	0.00992342821824675	0.00120179926518559	0	0.000583731071661573	0.0121210040174433	0.00360539779555678	0.00257528413968341	0	0	0.00322768945506988	0	0.00518490540122927	0	0.0011331250214607	0.000240359853037118	0.000343371218624455	0.00120179926518559	0	0	0.0108161933866703	0	0	0	0.07876935755245	0.0375304741956529
S731SM4-S46	WT	Pan-SM4	Pancreatic	Yes	None	Pre	Smoke only	NA	NA	Abx-Pancreatic	0.0166632715420656	0	0	0	0.00415563251171318	0.151436137706254	0	0.196333265430841	0	0	0	0	0	0.0984314524343043	0	0	0	0	0	0	0	0	0	0	0	0.0191077612548381	0.0147076797718476	0.00961499287023834	0	0	0.0423711550213893	0.0209411285394174	0.0147891627622734	0	0	0	0.0342228559788144	0.00550010185373803	0.00118150336117336	0.00211855775106946	0.00440008148299043	0.00488897942554492	0.113994703605622	0.00655938072927276	0.000692605418618863	0.000977795885108984	0.00529639437767366	0	0.00598899979629252	0.0108779792218374	0.00195559177021797	0	0	0.0211855775106946	0.00395192503564881	0.00631493175799552	0	0.000529639437767366	0.00631493175799552	0.00187410877979222	0.000366673456915869	0	0.000162965980851497	0.00057038093298024	0	0.00146669382766348	0	0	0.00582603381544103	0	0	0	0.100142595233245	0.0640863719698513
S731SM5-S47	WT	Pan-SM5	Pancreatic	Yes	None	Pre	Smoke only	NA	NA	Abx-Pancreatic	0.0403446226975639	0	0	0	0.00300059417706477	0.110071301247772	0	0.169221628045157	0	0	0	0.000148544266191325	0	0.104783125371361	0	0	0	0.000207961972667855	0	0	0	0	0	0	0	0.0110516934046346	0.0246286393345217	0.120350564468212	0	0	0.0571004159239453	0.0425133689839572	0.024777183600713	0	0.00011883541295306	0.00210932857991682	0.0267082590612002	0.0047534165181224	0.0012774806892454	0.0041592394533571	0.00383244206773619	0.00632798573975045	0.101336898395722	0.000623885918003565	0.00071301247771836	0.00133689839572193	0.0122697563874034	0	0.00282234105763518	0.00730837789661319	0.000742721330956625	0	0.000267379679144385	0.0235888294711824	0.00314913844325609	0.00389185977421272	0	0.00106951871657754	0.00638740344622698	0.00225787284610814	0.00029708853238265	0.000920974450386215	0	0.000326797385620915	0.000326797385620915	0.00071301247771836	0	0.000386215092097445	0.0040701128936423	0	0	0	0.0199346405228758	0.0477718360071301
S731SM6-S48	WT	Pan-SM6	Pancreatic	Yes	None	Pre	Smoke only	NA	NA	Abx-Pancreatic	0.0413114754098361	0	0	0	0.00281030444964871	0.11487900078064	0	0.172552693208431	0	0	0	0	0	0.0916783762685402	0	0	0	0.000281030444964871	0	0	0	0	0	0	0	0.0362529274004684	0.0286026541764247	0.109508196721311	0.000187353629976581	0	0.0536768149882904	0.0148009367681499	0.0106791569086651	0	0.000187353629976581	0.00103044496487119	0.00365339578454333	0.00312256049960968	0.000405932864949258	0.00312256049960968	0.00555815768930523	0.00224824355971897	0.109195940671351	0.00652615144418423	0.00121779859484778	0.00128024980483997	0.00858704137392662	0.000218579234972678	0.00337236533957845	0.00861826697892272	0.000374707259953162	0	0	0.0159562841530055	0.00384074941451991	0.00537080405932865	0.000499609679937549	0.000124902419984387	0.00612021857923497	0.00112412177985948	0.00259172521467603	0.000624512099921936	0.00109289617486339	0.000343481654957065	0.000218579234972678	0.000936768149882904	0	0.000437158469945355	0.00924277907884465	0	0	0	0.0742232630757221	0.0413114754098361
S731SM7-S49	WT	Pan-SM7	Pancreatic	Yes	None	Pre	Smoke only	NA	NA	Abx-Pancreatic	0.0340836307072925	0	0	0	0.00379723670967152	0.112361606734376	0	0.176182633360783	0	0	0	0	0	0.10161039436362	0	0	0	0	0	0	0	0	0.000503248238631165	0	0	0.0225546710586513	0.0226461707384024	0.048083081709214	0.000457498398755604	0	0.0396193613322353	0.0192149327477354	0.0189861835483576	0	0.000320248879128923	0.000914996797511209	0.0173391893128374	0.00301948943178699	0.00100649647726233	0.00411748558880044	0.00411748558880044	0.00137249519626681	0.11016561442035	0.000823497117760088	0.00137249519626681	0	0.00457498398755604	0	0.00713697502058743	0.0153261963583127	0.000365998719004483	0	0.000640497758257846	0.0176594381919663	0.00484948302680941	0.00425473510842712	0	0.000686247598133406	0.00430048494830268	0.000594747918382286	0.0024247415134047	0.00128099551651569	0	0.000274499039253363	0	0.00137249519626681	0	0	0.0102937139720011	0	0.00105224631713789	0	0.114191600329399	0.0640497758257846
S731SM8-S50	WT	Pan-SM8	Pancreatic	Yes	None	Pre	Smoke only	NA	NA	Abx-Pancreatic	0.0339711050370949	0	0	0	0.0021475985942991	0.150136665365092	0	0.164740335806326	0	0	0	0	0	0.133580632565404	0	0	0	0	0	0	0.000195236235845373	0	0	0	0	0.0212807497071456	0.0050761421319797	0.0572042171026943	0.000312377977352597	0	0.0591175322139789	0.0342444357672784	0.0268645060523233	0	0	0.000976181179226864	0.0421710269426005	0.00589613432253026	0.00144474814525576	0.00589613432253026	0.00792659117532214	0.00218664584146818	0.0978524014057009	0.0132760640374854	0.000976181179226864	0.00191331511128465	0.0049199531433034	0	0.00093713393205779	0.00433424443576728	0.000663803201874268	0	0	0.0204998047637642	0.00296759078484967	0.0073799297149551	0	0.000780944943381492	0.00527137836782507	0.00105427567356501	0	0.000390472471690746	0.00152284263959391	0	0	0.00124951190941039	0	0	0.00999609527528309	0	0.00132760640374854	0	0.0240140570089809	0.0433033971105037
S731SM9-S51	WT	Pan-SM9	Pancreatic	Yes	None	Pre	Smoke only	NA	NA	Abx-Pancreatic	0.0344973162052952	0	0	0	0.00123635486400097	0.125746336167903	0	0.168083951510765	0	0	0	0	0	0.0983354441831011	0	0	0	0	0	0	0.00105542488390326	0	0.000452324950244255	0	0	0.0286170918521199	0.026747482057777	0.0720101320788855	0	0	0.0396538206380797	0.0175502080694771	0.0210481876846994	0	0	0.00232193474458718	0.00992099390869067	0.00681502925034678	0.00135697485073277	0.00392014956878355	0.0078402991375671	0.00301549966829504	0.109553102949159	0.00259332971473373	0.00144743984078162	0.00129666485736687	0.0238224473795308	0	0.00940835896508051	0.00696580423376153	0.000241239973463603	0	0.000542789940293107	0.0353718111091008	0.00518665942946746	0.00494541945600386	0.000422169953561305	0.00162836982087932	0.00696580423376153	0.00379952958205175	0.00105542488390326	0.000271394970146553	0	0.000422169953561305	0	0.000633254930341958	0	0	0.00744828418068874	0	0.000633254930341958	0	0.0263856220975816	0.0787346963391834
